{
  "version": "2.3.1-beta.0",
  "visualisation": {
    "nodes": [
      {
        "id": "n:0",
        "position": {
          "x": 0,
          "y": 0
        }
      }
    ]
  },
  "dataModel": {
    "version": "2.3.1-beta.0",
    "graphSchemaRepresentation": {
      "version": "1.0.0",
      "graphSchema": {
        "nodeLabels": [
          {
            "$id": "nl:0",
            "token": "RtlCoderDataset",
            "properties": [
              {
                "$id": "p:1",
                "token": "Instruction,Response",
                "type": {
                  "type": "string"
                },
                "nullable": true
              }
            ]
          }
        ],
        "relationshipTypes": [],
        "nodeObjectTypes": [
          {
            "$id": "n:0",
            "labels": [
              {
                "$ref": "#nl:0"
              }
            ]
          }
        ],
        "relationshipObjectTypes": [],
        "constraints": [
          {
            "$id": "c:1",
            "name": "Instruction,Response_RtlCoderDataset_uniq",
            "constraintType": "uniqueness",
            "entityType": "node",
            "nodeLabel": {
              "$ref": "#nl:0"
            },
            "properties": [
              {
                "$ref": "#p:1"
              }
            ]
          }
        ],
        "indexes": [
          {
            "$id": "i:1",
            "name": "Instruction,Response_RtlCoderDataset_uniq",
            "indexType": "default",
            "entityType": "node",
            "nodeLabel": {
              "$ref": "#nl:0"
            },
            "properties": [
              {
                "$ref": "#p:1"
              }
            ]
          }
        ]
      }
    },
    "graphSchemaExtensionsRepresentation": {
      "nodeKeyProperties": [
        {
          "node": {
            "$ref": "#n:0"
          },
          "keyProperty": {
            "$ref": "#p:1"
          }
        }
      ]
    },
    "graphMappingRepresentation": {
      "dataSourceSchema": {
        "type": "local",
        "tableSchemas": [
          {
            "name": "rtl_coder_dataset.csv",
            "fields": [
              {
                "name": "Instruction,Response",
                "sample": "",
                "recommendedType": {
                  "type": "string"
                }
              }
            ],
            "primaryKeys": [],
            "foreignKeys": [],
            "expanded": true
          }
        ]
      },
      "nodeMappings": [
        {
          "node": {
            "$ref": "#n:0"
          },
          "tableName": "rtl_coder_dataset.csv",
          "propertyMappings": [
            {
              "fieldName": "Instruction,Response",
              "property": {
                "$ref": "#p:1"
              }
            }
          ]
        }
      ],
      "relationshipMappings": []
    },
    "configurations": {
      "idsToIgnore": []
    }
  }
}